{"cameraMode":{"drawMode":0,"name":"Shaded","section":"Shading Mode"},"sceneLighting":true,"audioPlay":false,"sceneViewState":{"m_AlwaysRefresh":false,"showFog":true,"showSkybox":true,"showFlares":true,"showImageEffects":true,"showParticleSystems":true,"showVisualEffectGraphs":true,"m_FxEnabled":true},"in2DMode":false,"pivot":{"x":0.04074552655220032,"y":3.417933940887451,"z":-3.5810141563415529},"rotation":{"x":0.10724745690822602,"y":0.09974708408117295,"z":-0.010812549851834774,"w":0.9891642332077026},"size":0.9593081474304199,"orthographic":false}