{"cameraMode":{"drawMode":0,"name":"Shaded","section":"Shading Mode"},"sceneLighting":true,"audioPlay":false,"sceneViewState":{"m_AlwaysRefresh":false,"showFog":true,"showSkybox":true,"showFlares":true,"showImageEffects":true,"showParticleSystems":true,"showVisualEffectGraphs":true,"m_FxEnabled":true},"in2DMode":false,"pivot":{"x":190.55752563476563,"y":384.0746154785156,"z":-8.87164306640625},"rotation":{"x":0.06445620954036713,"y":-6.255851303649252e-8,"z":0.0000012203975074953633,"w":0.9979308843612671},"size":471.5939636230469,"orthographic":false}