{"cameraMode":{"drawMode":0,"name":"Shaded","section":"Shading Mode"},"sceneLighting":true,"audioPlay":false,"sceneViewState":{"m_AlwaysRefresh":false,"showFog":true,"showSkybox":true,"showFlares":true,"showImageEffects":true,"showParticleSystems":true,"showVisualEffectGraphs":true,"m_FxEnabled":true},"in2DMode":false,"pivot":{"x":587.2935180664063,"y":338.5199890136719,"z":13.725341796875},"rotation":{"x":0.08838547766208649,"y":-0.001494100783020258,"z":0.00013414889690466225,"w":0.9960954785346985},"size":586.6556396484375,"orthographic":false}