{"cameraMode":{"drawMode":0,"name":"Shaded","section":"Shading Mode"},"sceneLighting":true,"audioPlay":false,"sceneViewState":{"m_AlwaysRefresh":false,"showFog":true,"showSkybox":true,"showFlares":true,"showImageEffects":true,"showParticleSystems":true,"showVisualEffectGraphs":true,"m_FxEnabled":true},"in2DMode":false,"pivot":{"x":-0.11173352599143982,"y":0.009869217872619629,"z":1.261888027191162},"rotation":{"x":-0.13474760949611665,"y":0.04810478538274765,"z":-0.00676724361255765,"w":-0.98981773853302},"size":3.493515729904175,"orthographic":false}