{"cameraMode":{"drawMode":0,"name":"Shaded","section":"Shading Mode"},"sceneLighting":true,"audioPlay":false,"sceneViewState":{"m_AlwaysRefresh":false,"showFog":true,"showSkybox":true,"showFlares":true,"showImageEffects":true,"showParticleSystems":true,"showVisualEffectGraphs":true,"m_FxEnabled":true},"in2DMode":false,"pivot":{"x":1.4528696537017823,"y":3.542451858520508,"z":0.6380367279052734},"rotation":{"x":0.08838547766208649,"y":-0.001494100783020258,"z":0.00013414889690466225,"w":0.9960954785346985},"size":9.946426391601563,"orthographic":false}