{"cameraMode":{"drawMode":0,"name":"Shaded","section":"Shading Mode"},"sceneLighting":true,"audioPlay":false,"sceneViewState":{"m_AlwaysRefresh":false,"showFog":true,"showSkybox":true,"showFlares":true,"showImageEffects":true,"showParticleSystems":true,"showVisualEffectGraphs":true,"m_FxEnabled":true},"in2DMode":false,"pivot":{"x":11.048592567443848,"y":2.5302300453186037,"z":0.15230560302734376},"rotation":{"x":0.06445620954036713,"y":-6.255851303649252e-8,"z":0.0000012203975074953633,"w":0.9979308843612671},"size":19.04720115661621,"orthographic":false}