{"cameraMode":{"drawMode":0,"name":"Shaded","section":"Shading Mode"},"sceneLighting":false,"audioPlay":false,"sceneViewState":{"m_AlwaysRefresh":false,"showFog":true,"showSkybox":false,"showFlares":true,"showImageEffects":true,"showParticleSystems":true,"showVisualEffectGraphs":true,"m_FxEnabled":true},"in2DMode":false,"pivot":{"x":-0.6347602009773254,"y":2.6904866695404054,"z":-0.09048271179199219},"rotation":{"x":0.08838547766208649,"y":-0.001494100783020258,"z":0.00013414889690466225,"w":0.9960954785346985},"size":11.919854164123536,"orthographic":false}